-- MySQL dump 10.13  Distrib 5.7.16, for osx10.11 (x86_64)
--
-- Host: localhost    Database: hospital_db
-- ------------------------------------------------------
-- Server version	5.7.16-log

/*!40101 SET @OLD_CHARACTER_SET_CLIENT=@@CHARACTER_SET_CLIENT */;
/*!40101 SET @OLD_CHARACTER_SET_RESULTS=@@CHARACTER_SET_RESULTS */;
/*!40101 SET @OLD_COLLATION_CONNECTION=@@COLLATION_CONNECTION */;
/*!40101 SET NAMES utf8mb4 */;
/*!40103 SET @OLD_TIME_ZONE=@@TIME_ZONE */;
/*!40103 SET TIME_ZONE='+00:00' */;
/*!40014 SET @OLD_UNIQUE_CHECKS=@@UNIQUE_CHECKS, UNIQUE_CHECKS=0 */;
/*!40014 SET @OLD_FOREIGN_KEY_CHECKS=@@FOREIGN_KEY_CHECKS, FOREIGN_KEY_CHECKS=0 */;
/*!40101 SET @OLD_SQL_MODE=@@SQL_MODE, SQL_MODE='NO_AUTO_VALUE_ON_ZERO' */;
/*!40111 SET @OLD_SQL_NOTES=@@SQL_NOTES, SQL_NOTES=0 */;

--
-- Table structure for table `admin_account`
--

DROP TABLE IF EXISTS `admin_account`;
/*!40101 SET @saved_cs_client     = @@character_set_client */;
/*!40101 SET character_set_client = utf8 */;
CREATE TABLE `admin_account` (
  `id` int(11) unsigned NOT NULL AUTO_INCREMENT,
  `version` int(11) unsigned NOT NULL,
  `enable` tinyint(1) unsigned NOT NULL DEFAULT '1' COMMENT '是否可用 0 =不可用 1 = 可用',
  `name` varchar(255) COLLATE utf8mb4_unicode_ci DEFAULT NULL,
  `mobile` varchar(20) COLLATE utf8mb4_unicode_ci NOT NULL COMMENT '手机号',
  `email` varchar(255) COLLATE utf8mb4_unicode_ci DEFAULT NULL,
  `username` varchar(255) COLLATE utf8mb4_unicode_ci DEFAULT NULL,
  `password` varchar(255) COLLATE utf8mb4_unicode_ci DEFAULT NULL,
  `register_time` datetime NOT NULL,
  `role_id` int(11) unsigned DEFAULT '0',
  `org_id` int(11) unsigned DEFAULT '0' COMMENT '机构ID',
  `im_username` varchar(64) COLLATE utf8mb4_unicode_ci DEFAULT NULL,
  `nickname` varchar(64) COLLATE utf8mb4_unicode_ci DEFAULT NULL,
  PRIMARY KEY (`id`),
  UNIQUE KEY `username` (`username`),
  KEY `role_id` (`role_id`),
  KEY `organization_id` (`org_id`)
) ENGINE=InnoDB AUTO_INCREMENT=2 DEFAULT CHARSET=utf8mb4 COLLATE=utf8mb4_unicode_ci;
/*!40101 SET character_set_client = @saved_cs_client */;

--
-- Dumping data for table `admin_account`
--

LOCK TABLES `admin_account` WRITE;
/*!40000 ALTER TABLE `admin_account` DISABLE KEYS */;
INSERT INTO `admin_account` VALUES (1,1,1,'超级管理员','','admin@hospital.com','admin','a66abb5684c45962d887564f08346e8d','2014-04-02 23:26:40',1,0,'','');
/*!40000 ALTER TABLE `admin_account` ENABLE KEYS */;
UNLOCK TABLES;

--
-- Table structure for table `admin_authority`
--

DROP TABLE IF EXISTS `admin_authority`;
/*!40101 SET @saved_cs_client     = @@character_set_client */;
/*!40101 SET character_set_client = utf8 */;
CREATE TABLE `admin_authority` (
  `id` int(11) unsigned NOT NULL AUTO_INCREMENT,
  `version` int(11) unsigned NOT NULL,
  `enable` tinyint(1) unsigned NOT NULL,
  `name` varchar(255) COLLATE utf8mb4_unicode_ci DEFAULT NULL,
  `level_code` varchar(255) COLLATE utf8mb4_unicode_ci DEFAULT NULL,
  `position` int(11) unsigned NOT NULL DEFAULT '0',
  `the_value` varchar(255) COLLATE utf8mb4_unicode_ci DEFAULT NULL,
  `url` varchar(255) COLLATE utf8mb4_unicode_ci DEFAULT NULL,
  `match_url` varchar(255) COLLATE utf8mb4_unicode_ci DEFAULT NULL,
  `item_icon` varchar(255) COLLATE utf8mb4_unicode_ci DEFAULT NULL,
  `parent_id` int(11) unsigned DEFAULT '0',
  PRIMARY KEY (`id`)
) ENGINE=InnoDB AUTO_INCREMENT=17 DEFAULT CHARSET=utf8mb4 COLLATE=utf8mb4_unicode_ci;
/*!40101 SET character_set_client = @saved_cs_client */;

--
-- Dumping data for table `admin_authority`
--

LOCK TABLES `admin_authority` WRITE;
/*!40000 ALTER TABLE `admin_authority` DISABLE KEYS */;
INSERT INTO `admin_authority` VALUES (1,3,0,'欢迎使用','1',1,'1','/home','/home','icon-home',0),(2,2,0,'首页','1,2',0,'1','/home/index','/home/index','',1),(3,2,0,'系统设置','3',2,'2','/setting','/setting','icon-cogs',0),(4,4,0,'用户管理','3,4',0,'1','/account/list','/account','',3),(7,1,0,'角色管理','3,7',0,'2','/role/list','/role','',3),(10,1,0,'权限管理','3,10',0,'3','/authority/chain','/authority','',3),(11,2,0,'项目管理','3',2,'2','/setting','/setting','icon-cogs',0),(12,0,0,'我的项目一览','11,12',0,'1','/project/list','/project','',11),(13,0,0,'计划项目导入','11,13',0,'2','/project/project-import','/project','',11),(14,0,0,'招生简章导入','11,14',0,'3','/project/','/project','',11),(15,0,0,'课表导入','11,15',0,'3','/project/course-list','/project','',11),(16,0,0,'学员导入','11,16',0,'3','/project/student-list','/project','',11);
/*!40000 ALTER TABLE `admin_authority` ENABLE KEYS */;
UNLOCK TABLES;

--
-- Table structure for table `admin_organization`
--

DROP TABLE IF EXISTS `admin_organization`;
/*!40101 SET @saved_cs_client     = @@character_set_client */;
/*!40101 SET character_set_client = utf8 */;
CREATE TABLE `admin_organization` (
  `id` int(11) unsigned NOT NULL AUTO_INCREMENT,
  `version` int(11) unsigned NOT NULL,
  `enable` tinyint(1) unsigned NOT NULL,
  `name` varchar(255) COLLATE utf8mb4_unicode_ci DEFAULT NULL,
  `level_code` varchar(255) COLLATE utf8mb4_unicode_ci DEFAULT NULL,
  `position` int(11) unsigned NOT NULL,
  `the_value` varchar(255) COLLATE utf8mb4_unicode_ci DEFAULT NULL,
  `parent_id` int(11) unsigned NOT NULL DEFAULT '0',
  PRIMARY KEY (`id`)
) ENGINE=InnoDB DEFAULT CHARSET=utf8mb4 COLLATE=utf8mb4_unicode_ci;
/*!40101 SET character_set_client = @saved_cs_client */;

--
-- Dumping data for table `admin_organization`
--

LOCK TABLES `admin_organization` WRITE;
/*!40000 ALTER TABLE `admin_organization` DISABLE KEYS */;
/*!40000 ALTER TABLE `admin_organization` ENABLE KEYS */;
UNLOCK TABLES;

--
-- Table structure for table `admin_ref_org`
--

DROP TABLE IF EXISTS `admin_ref_org`;
/*!40101 SET @saved_cs_client     = @@character_set_client */;
/*!40101 SET character_set_client = utf8 */;
CREATE TABLE `admin_ref_org` (
  `id` int(11) unsigned NOT NULL AUTO_INCREMENT COMMENT '主键',
  `admin_id` int(11) unsigned NOT NULL DEFAULT '0' COMMENT '管理员ID',
  `org_id` int(11) unsigned NOT NULL DEFAULT '0' COMMENT '门店ID',
  `add_time` int(11) unsigned NOT NULL DEFAULT '0' COMMENT '添加时间戳',
  PRIMARY KEY (`id`)
) ENGINE=InnoDB DEFAULT CHARSET=utf8 COMMENT='管理员关联门店表';
/*!40101 SET character_set_client = @saved_cs_client */;

--
-- Dumping data for table `admin_ref_org`
--

LOCK TABLES `admin_ref_org` WRITE;
/*!40000 ALTER TABLE `admin_ref_org` DISABLE KEYS */;
/*!40000 ALTER TABLE `admin_ref_org` ENABLE KEYS */;
UNLOCK TABLES;

--
-- Table structure for table `admin_role`
--

DROP TABLE IF EXISTS `admin_role`;
/*!40101 SET @saved_cs_client     = @@character_set_client */;
/*!40101 SET character_set_client = utf8 */;
CREATE TABLE `admin_role` (
  `id` int(11) unsigned NOT NULL AUTO_INCREMENT,
  `version` int(11) unsigned NOT NULL,
  `name` varchar(255) COLLATE utf8mb4_unicode_ci DEFAULT NULL,
  `enable` tinyint(1) unsigned NOT NULL,
  PRIMARY KEY (`id`)
) ENGINE=InnoDB AUTO_INCREMENT=4 DEFAULT CHARSET=utf8mb4 COLLATE=utf8mb4_unicode_ci;
/*!40101 SET character_set_client = @saved_cs_client */;

--
-- Dumping data for table `admin_role`
--

LOCK TABLES `admin_role` WRITE;
/*!40000 ALTER TABLE `admin_role` DISABLE KEYS */;
INSERT INTO `admin_role` VALUES (1,0,'系统管理员',1),(2,0,'二级管理员',1),(3,0,'项目管理员',1);
/*!40000 ALTER TABLE `admin_role` ENABLE KEYS */;
UNLOCK TABLES;

--
-- Table structure for table `admin_role_authority`
--

DROP TABLE IF EXISTS `admin_role_authority`;
/*!40101 SET @saved_cs_client     = @@character_set_client */;
/*!40101 SET character_set_client = utf8 */;
CREATE TABLE `admin_role_authority` (
  `id` int(11) unsigned NOT NULL AUTO_INCREMENT,
  `role_id` int(11) unsigned NOT NULL DEFAULT '0',
  `authority_id` int(11) unsigned NOT NULL,
  PRIMARY KEY (`id`)
) ENGINE=InnoDB AUTO_INCREMENT=31 DEFAULT CHARSET=utf8mb4 COLLATE=utf8mb4_unicode_ci;
/*!40101 SET character_set_client = @saved_cs_client */;

--
-- Dumping data for table `admin_role_authority`
--

LOCK TABLES `admin_role_authority` WRITE;
/*!40000 ALTER TABLE `admin_role_authority` DISABLE KEYS */;
INSERT INTO `admin_role_authority` VALUES (3,1,3),(4,1,4),(7,1,11),(8,1,12),(9,1,13),(10,1,14),(11,1,15),(12,1,16),(16,2,12),(17,2,12),(19,3,12),(20,3,12),(21,3,12),(22,3,12),(23,3,12),(24,3,12),(25,1,1),(26,1,2),(27,2,1),(28,2,2),(29,3,1),(30,3,2);
/*!40000 ALTER TABLE `admin_role_authority` ENABLE KEYS */;
UNLOCK TABLES;

--
-- Table structure for table `dict_orgs`
--

DROP TABLE IF EXISTS `dict_orgs`;
/*!40101 SET @saved_cs_client     = @@character_set_client */;
/*!40101 SET character_set_client = utf8 */;
CREATE TABLE `dict_orgs` (
  `org_id` int(11) unsigned NOT NULL AUTO_INCREMENT COMMENT '主键',
  `org_code` varchar(32) NOT NULL COMMENT '机构代码',
  `parent_code` varchar(32) DEFAULT NULL COMMENT '父级机构代码',
  `parent_id` int(11) unsigned NOT NULL DEFAULT '0' COMMENT '父级ID',
  `name` varchar(128) DEFAULT NULL,
  `remark` varchar(200) DEFAULT NULL,
  `add_time` int(11) unsigned NOT NULL DEFAULT '0' COMMENT '添加时间戳',
  `update_time` int(11) unsigned NOT NULL DEFAULT '0' COMMENT '更新时间戳',
  `admin_id` int(11) unsigned NOT NULL DEFAULT '0' COMMENT '更新操作人',
  PRIMARY KEY (`org_id`)
) ENGINE=InnoDB AUTO_INCREMENT=21 DEFAULT CHARSET=utf8;
/*!40101 SET character_set_client = @saved_cs_client */;

--
-- Dumping data for table `dict_orgs`
--

LOCK TABLES `dict_orgs` WRITE;
/*!40000 ALTER TABLE `dict_orgs` DISABLE KEYS */;
INSERT INTO `dict_orgs` VALUES (1,'100000','org',0,'协和医学院继续教育处','一级管理机构',0,0,0),(2,'100100','100000',1,'协和医学院继续教育学院','',0,0,0),(3,'100200','100000',1,'协和医院教育处','',0,0,0),(4,'100300','100000',1,'整形医院科教处','',0,0,0),(5,'100400','100000',1,'阜外医院教育处','',0,0,0),(6,'100500','100000',1,'肿瘤医院教育处','',0,0,0),(7,'100600','100000',1,'血液病医院','',0,0,0),(8,'100700','100000',1,'皮肤病医院科教处','',0,0,0),(9,'100800','100000',1,'医学信息研究所','',0,0,0),(10,'100900','100000',1,'协和发总公司','',0,0,0),(11,'101000','100000',1,'实验动物研究所','',0,0,0),(12,'101100','100000',1,'护理学院','',0,0,0),(13,'101200','100000',1,'继续医学教育杂志社','',0,0,0),(14,'101300','100000',1,'检验医学研发中心','',0,0,0),(15,'101400','100000',1,'基础医学院教育处','',0,0,0),(16,'101500','100000',1,'生物医学工程研究所','',0,0,0),(17,'101600','100000',1,'北京协和医学院出版社','',0,0,0),(18,'101700','100000',1,'医科院医院管理处','',0,0,0),(19,'101800','100000',1,'医科院人力资源处','',0,0,0),(20,'org','',0,'机构',NULL,0,0,0);
/*!40000 ALTER TABLE `dict_orgs` ENABLE KEYS */;
UNLOCK TABLES;

--
-- Table structure for table `dicts`
--

DROP TABLE IF EXISTS `dicts`;
/*!40101 SET @saved_cs_client     = @@character_set_client */;
/*!40101 SET character_set_client = utf8 */;
CREATE TABLE `dicts` (
  `id` int(11) unsigned NOT NULL AUTO_INCREMENT,
  `type` varchar(20) NOT NULL COMMENT '字典类型',
  `code` varchar(30) NOT NULL COMMENT '代码',
  `name` varchar(100) NOT NULL COMMENT '名称',
  `pid` varchar(30) NOT NULL DEFAULT '0' COMMENT '上级ID',
  `level` smallint(4) unsigned NOT NULL DEFAULT '1' COMMENT '级别',
  `remarks` varchar(32) NOT NULL COMMENT '备注',
  `add_time` int(11) unsigned NOT NULL DEFAULT '0' COMMENT '添加时间',
  `update_time` int(11) unsigned NOT NULL DEFAULT '0' COMMENT '更新时间',
  PRIMARY KEY (`id`)
) ENGINE=InnoDB AUTO_INCREMENT=687 DEFAULT CHARSET=utf8 COMMENT='字典库表';
/*!40101 SET character_set_client = @saved_cs_client */;

--
-- Dumping data for table `dicts`
--

LOCK TABLES `dicts` WRITE;
/*!40000 ALTER TABLE `dicts` DISABLE KEYS */;
INSERT INTO `dicts` VALUES (1,'area','110000','北京','0',0,'',1481730492,1481730492),(2,'area','120000','天津','0',0,'',1481730492,1481730492),(3,'area','130000','河北省','0',0,'',1481730492,1481730492),(4,'area','140000','山西省','0',0,'',1481730492,1481730492),(5,'area','150000','内蒙古自治区','0',0,'',1481730492,1481730492),(6,'area','210000','辽宁省','0',0,'',1481730492,1481730492),(7,'area','220000','吉林省','0',0,'',1481730492,1481730492),(8,'area','230000','黑龙江省','0',0,'',1481730492,1481730492),(9,'area','310000','上海','0',0,'',1481730492,1481730492),(10,'area','320000','江苏省','0',0,'',1481730492,1481730492),(11,'area','330000','浙江省','0',0,'',1481730492,1481730492),(12,'area','340000','安徽省','0',0,'',1481730492,1481730492),(13,'area','350000','福建省','0',0,'',1481730492,1481730492),(14,'area','360000','江西省','0',0,'',1481730492,1481730492),(15,'area','370000','山东省','0',0,'',1481730492,1481730492),(16,'area','410000','河南省','0',0,'',1481730492,1481730492),(17,'area','420000','湖北省','0',0,'',1481730492,1481730492),(18,'area','430000','湖南省','0',0,'',1481730492,1481730492),(19,'area','440000','广东省','0',0,'',1481730492,1481730492),(20,'area','450000','广西壮族自治区','0',0,'',1481730492,1481730492),(21,'area','460000','海南省','0',0,'',1481730492,1481730492),(22,'area','500000','重庆','0',0,'',1481730492,1481730492),(23,'area','510000','四川省','0',0,'',1481730492,1481730492),(24,'area','520000','贵州省','0',0,'',1481730492,1481730492),(25,'area','530000','云南省','0',0,'',1481730492,1481730492),(26,'area','540000','西藏自治区','0',0,'',1481730492,1481730492),(27,'area','610000','陕西省','0',0,'',1481730492,1481730492),(28,'area','620000','甘肃省','0',0,'',1481730492,1481730492),(29,'area','630000','青海省','0',0,'',1481730492,1481730492),(30,'area','640000','宁夏回族自治区','0',0,'',1481730492,1481730492),(31,'area','650000','新疆维吾尔自治区','0',0,'',1481730492,1481730492),(32,'area','710000','台湾省','0',0,'',1481730492,1481730492),(33,'area','810000','香港特别行政区','0',0,'',1481730492,1481730492),(34,'area','820000','澳门特别行政区 ','0',0,'',1481730492,1481730492),(35,'area','110000','北京市','1',1,'',1481730499,1481730499),(36,'area','120000','天津市','2',1,'',1481730499,1481730499),(37,'area','130100','石家庄市','3',1,'',1481730499,1481730499),(38,'area','130200','唐山市','3',1,'',1481730499,1481730499),(39,'area','130300','秦皇岛市','3',1,'',1481730499,1481730499),(40,'area','130400','邯郸市','3',1,'',1481730499,1481730499),(41,'area','130500','邢台市','3',1,'',1481730499,1481730499),(42,'area','130600','保定市','3',1,'',1481730499,1481730499),(43,'area','130700','张家口市','3',1,'',1481730499,1481730499),(44,'area','130800','承德市','3',1,'',1481730499,1481730499),(45,'area','130900','沧州市','3',1,'',1481730499,1481730499),(46,'area','131000','廊坊市','3',1,'',1481730499,1481730499),(47,'area','131100','衡水市','3',1,'',1481730499,1481730499),(48,'area','140100','太原市','4',1,'',1481730499,1481730499),(49,'area','140200','大同市','4',1,'',1481730499,1481730499),(50,'area','140300','阳泉市','4',1,'',1481730499,1481730499),(51,'area','140400','长治市','4',1,'',1481730499,1481730499),(52,'area','140500','晋城市','4',1,'',1481730499,1481730499),(53,'area','140600','朔州市','4',1,'',1481730499,1481730499),(54,'area','140700','晋中市','4',1,'',1481730499,1481730499),(55,'area','140800','运城市','4',1,'',1481730499,1481730499),(56,'area','140900','忻州市','4',1,'',1481730499,1481730499),(57,'area','141000','临汾市','4',1,'',1481730499,1481730499),(58,'area','141100','吕梁市','4',1,'',1481730499,1481730499),(59,'area','150100','呼和浩特市','5',1,'',1481730499,1481730499),(60,'area','150200','包头市','5',1,'',1481730499,1481730499),(61,'area','150300','乌海市','5',1,'',1481730499,1481730499),(62,'area','150400','赤峰市','5',1,'',1481730499,1481730499),(63,'area','150500','通辽市','5',1,'',1481730499,1481730499),(64,'area','150600','鄂尔多斯市','5',1,'',1481730499,1481730499),(65,'area','150700','呼伦贝尔市','5',1,'',1481730499,1481730499),(66,'area','150800','巴彦淖尔市','5',1,'',1481730499,1481730499),(67,'area','150900','乌兰察布市','5',1,'',1481730499,1481730499),(68,'area','152200','兴安盟','5',1,'',1481730499,1481730499),(69,'area','152500','锡林郭勒盟','5',1,'',1481730499,1481730499),(70,'area','152900','阿拉善盟','5',1,'',1481730499,1481730499),(71,'area','210100','沈阳市','6',1,'',1481730499,1481730499),(72,'area','210200','大连市','6',1,'',1481730499,1481730499),(73,'area','210300','鞍山市','6',1,'',1481730499,1481730499),(74,'area','210400','抚顺市','6',1,'',1481730499,1481730499),(75,'area','210500','本溪市','6',1,'',1481730499,1481730499),(76,'area','210600','丹东市','6',1,'',1481730499,1481730499),(77,'area','210700','锦州市','6',1,'',1481730499,1481730499),(78,'area','210800','营口市','6',1,'',1481730499,1481730499),(79,'area','210900','阜新市','6',1,'',1481730499,1481730499),(80,'area','211000','辽阳市','6',1,'',1481730499,1481730499),(81,'area','211100','盘锦市','6',1,'',1481730499,1481730499),(82,'area','211200','铁岭市','6',1,'',1481730499,1481730499),(83,'area','211300','朝阳市','6',1,'',1481730499,1481730499),(84,'area','211400','葫芦岛市','6',1,'',1481730499,1481730499),(85,'area','220100','长春市','7',1,'',1481730499,1481730499),(86,'area','220200','吉林市','7',1,'',1481730499,1481730499),(87,'area','220300','四平市','7',1,'',1481730499,1481730499),(88,'area','220400','辽源市','7',1,'',1481730499,1481730499),(89,'area','220500','通化市','7',1,'',1481730499,1481730499),(90,'area','220600','白山市','7',1,'',1481730499,1481730499),(91,'area','220700','松原市','7',1,'',1481730499,1481730499),(92,'area','220800','白城市','7',1,'',1481730499,1481730499),(93,'area','222400','延边朝鲜族自治州 ','7',1,'',1481730499,1481730499),(94,'area','230100','哈尔滨市','8',1,'',1481730499,1481730499),(95,'area','230200','齐齐哈尔市','8',1,'',1481730499,1481730499),(96,'area','230300','鸡西市','8',1,'',1481730499,1481730499),(97,'area','230400','鹤岗市','8',1,'',1481730499,1481730499),(98,'area','230500','双鸭山市','8',1,'',1481730499,1481730499),(99,'area','230600','大庆市','8',1,'',1481730499,1481730499),(100,'area','230700','伊春市','8',1,'',1481730499,1481730499),(101,'area','230800','佳木斯市','8',1,'',1481730499,1481730499),(102,'area','230900','七台河市','8',1,'',1481730499,1481730499),(103,'area','231000','牡丹江市','8',1,'',1481730499,1481730499),(104,'area','231100','黑河市','8',1,'',1481730499,1481730499),(105,'area','231200','绥化市','8',1,'',1481730499,1481730499),(106,'area','232700','大兴安岭地区','8',1,'',1481730499,1481730499),(107,'area','310000','上海市','9',1,'',1481730499,1481730499),(108,'area','320100','南京市','10',1,'',1481730499,1481730499),(109,'area','320200','无锡市','10',1,'',1481730499,1481730499),(110,'area','320300','徐州市','10',1,'',1481730499,1481730499),(111,'area','320400','常州市','10',1,'',1481730499,1481730499),(112,'area','320500','苏州市','10',1,'',1481730499,1481730499),(113,'area','320600','南通市','10',1,'',1481730499,1481730499),(114,'area','320700','连云港市','10',1,'',1481730499,1481730499),(115,'area','320800','淮安市','10',1,'',1481730499,1481730499),(116,'area','320900','盐城市','10',1,'',1481730499,1481730499),(117,'area','321000','扬州市','10',1,'',1481730499,1481730499),(118,'area','321100','镇江市','10',1,'',1481730499,1481730499),(119,'area','321200','泰州市','10',1,'',1481730499,1481730499),(120,'area','321300','宿迁市','10',1,'',1481730499,1481730499),(121,'area','330100','杭州市','11',1,'',1481730499,1481730499),(122,'area','330200','宁波市','11',1,'',1481730499,1481730499),(123,'area','330300','温州市','11',1,'',1481730499,1481730499),(124,'area','330400','嘉兴市','11',1,'',1481730499,1481730499),(125,'area','330500','湖州市','11',1,'',1481730499,1481730499),(126,'area','330600','绍兴市','11',1,'',1481730499,1481730499),(127,'area','330700','金华市','11',1,'',1481730499,1481730499),(128,'area','330800','衢州市','11',1,'',1481730499,1481730499),(129,'area','330900','舟山市','11',1,'',1481730499,1481730499),(130,'area','331000','台州市','11',1,'',1481730499,1481730499),(131,'area','331100','丽水市','11',1,'',1481730499,1481730499),(132,'area','340100','合肥市','12',1,'',1481730499,1481730499),(133,'area','340200','芜湖市','12',1,'',1481730499,1481730499),(134,'area','340300','蚌埠市','12',1,'',1481730499,1481730499),(135,'area','340400','淮南市','12',1,'',1481730499,1481730499),(136,'area','340500','马鞍山市','12',1,'',1481730499,1481730499),(137,'area','340600','淮北市','12',1,'',1481730499,1481730499),(138,'area','340700','铜陵市','12',1,'',1481730499,1481730499),(139,'area','340800','安庆市','12',1,'',1481730499,1481730499),(140,'area','341000','黄山市','12',1,'',1481730499,1481730499),(141,'area','341100','滁州市','12',1,'',1481730499,1481730499),(142,'area','341200','阜阳市','12',1,'',1481730499,1481730499),(143,'area','341300','宿州市','12',1,'',1481730499,1481730499),(144,'area','341500','六安市','12',1,'',1481730499,1481730499),(145,'area','341600','亳州市','12',1,'',1481730499,1481730499),(146,'area','341700','池州市','12',1,'',1481730499,1481730499),(147,'area','341800','宣城市','12',1,'',1481730499,1481730499),(148,'area','350100','福州市','13',1,'',1481730499,1481730499),(149,'area','350200','厦门市','13',1,'',1481730499,1481730499),(150,'area','350300','莆田市','13',1,'',1481730499,1481730499),(151,'area','350400','三明市','13',1,'',1481730499,1481730499),(152,'area','350500','泉州市','13',1,'',1481730499,1481730499),(153,'area','350600','漳州市','13',1,'',1481730499,1481730499),(154,'area','350700','南平市','13',1,'',1481730499,1481730499),(155,'area','350800','龙岩市','13',1,'',1481730499,1481730499),(156,'area','350900','宁德市','13',1,'',1481730499,1481730499),(157,'area','360100','南昌市','14',1,'',1481730499,1481730499),(158,'area','360200','景德镇市','14',1,'',1481730499,1481730499),(159,'area','360300','萍乡市','14',1,'',1481730499,1481730499),(160,'area','360400','九江市','14',1,'',1481730499,1481730499),(161,'area','360500','新余市','14',1,'',1481730499,1481730499),(162,'area','360600','鹰潭市','14',1,'',1481730499,1481730499),(163,'area','360700','赣州市','14',1,'',1481730499,1481730499),(164,'area','360800','吉安市','14',1,'',1481730499,1481730499),(165,'area','360900','宜春市','14',1,'',1481730499,1481730499),(166,'area','361000','抚州市','14',1,'',1481730499,1481730499),(167,'area','361100','上饶市','14',1,'',1481730499,1481730499),(168,'area','370100','济南市','15',1,'',1481730499,1481730499),(169,'area','370200','青岛市','15',1,'',1481730499,1481730499),(170,'area','370300','淄博市','15',1,'',1481730499,1481730499),(171,'area','370400','枣庄市','15',1,'',1481730499,1481730499),(172,'area','370500','东营市','15',1,'',1481730499,1481730499),(173,'area','370600','烟台市','15',1,'',1481730499,1481730499),(174,'area','370700','潍坊市','15',1,'',1481730499,1481730499),(175,'area','370800','济宁市','15',1,'',1481730499,1481730499),(176,'area','370900','泰安市','15',1,'',1481730499,1481730499),(177,'area','371000','威海市','15',1,'',1481730499,1481730499),(178,'area','371100','日照市','15',1,'',1481730499,1481730499),(179,'area','371200','莱芜市','15',1,'',1481730499,1481730499),(180,'area','371300','临沂市','15',1,'',1481730499,1481730499),(181,'area','371400','德州市','15',1,'',1481730499,1481730499),(182,'area','371500','聊城市','15',1,'',1481730499,1481730499),(183,'area','371600','滨州市','15',1,'',1481730499,1481730499),(184,'area','371700','菏泽市','15',1,'',1481730499,1481730499),(185,'area','410100','郑州市','16',1,'',1481730499,1481730499),(186,'area','410200','开封市','16',1,'',1481730499,1481730499),(187,'area','410300','洛阳市','16',1,'',1481730499,1481730499),(188,'area','410400','平顶山市','16',1,'',1481730499,1481730499),(189,'area','410500','安阳市','16',1,'',1481730499,1481730499),(190,'area','410600','鹤壁市','16',1,'',1481730499,1481730499),(191,'area','410700','新乡市','16',1,'',1481730499,1481730499),(192,'area','410800','焦作市','16',1,'',1481730499,1481730499),(193,'area','410900','濮阳市','16',1,'',1481730499,1481730499),(194,'area','411000','许昌市','16',1,'',1481730499,1481730499),(195,'area','411100','漯河市','16',1,'',1481730499,1481730499),(196,'area','411200','三门峡市','16',1,'',1481730499,1481730499),(197,'area','411300','南阳市','16',1,'',1481730499,1481730499),(198,'area','411400','商丘市','16',1,'',1481730499,1481730499),(199,'area','411500','信阳市','16',1,'',1481730499,1481730499),(200,'area','411600','周口市','16',1,'',1481730499,1481730499),(201,'area','411700','驻马店市','16',1,'',1481730499,1481730499),(202,'area','419000','省直辖','16',1,'',1481730499,1481730499),(203,'area','420100','武汉市','17',1,'',1481730499,1481730499),(204,'area','420200','黄石市','17',1,'',1481730499,1481730499),(205,'area','420300','十堰市','17',1,'',1481730499,1481730499),(206,'area','420500','宜昌市','17',1,'',1481730499,1481730499),(207,'area','420600','襄阳市','17',1,'',1481730499,1481730499),(208,'area','420700','鄂州市','17',1,'',1481730499,1481730499),(209,'area','420800','荆门市','17',1,'',1481730499,1481730499),(210,'area','420900','孝感市','17',1,'',1481730499,1481730499),(211,'area','421000','荆州市','17',1,'',1481730499,1481730499),(212,'area','421100','黄冈市','17',1,'',1481730499,1481730499),(213,'area','421200','咸宁市','17',1,'',1481730499,1481730499),(214,'area','421300','随州市','17',1,'',1481730499,1481730499),(215,'area','422800','恩施土家族苗族自治州 ','17',1,'',1481730499,1481730499),(216,'area','429000','省直辖','17',1,'',1481730499,1481730499),(217,'area','430100','长沙市','18',1,'',1481730499,1481730499),(218,'area','430200','株洲市','18',1,'',1481730499,1481730499),(219,'area','430300','湘潭市','18',1,'',1481730499,1481730499),(220,'area','430400','衡阳市','18',1,'',1481730499,1481730499),(221,'area','430500','邵阳市','18',1,'',1481730499,1481730499),(222,'area','430600','岳阳市','18',1,'',1481730499,1481730499),(223,'area','430700','常德市','18',1,'',1481730499,1481730499),(224,'area','430800','张家界市','18',1,'',1481730499,1481730499),(225,'area','430900','益阳市','18',1,'',1481730499,1481730499),(226,'area','431000','郴州市','18',1,'',1481730499,1481730499),(227,'area','431100','永州市','18',1,'',1481730499,1481730499),(228,'area','431200','怀化市','18',1,'',1481730499,1481730499),(229,'area','431300','娄底市','18',1,'',1481730499,1481730499),(230,'area','433100','湘西土家族苗族自治州 ','18',1,'',1481730499,1481730499),(231,'area','440100','广州市','19',1,'',1481730499,1481730499),(232,'area','440200','韶关市','19',1,'',1481730499,1481730499),(233,'area','440300','深圳市','19',1,'',1481730499,1481730499),(234,'area','440400','珠海市','19',1,'',1481730499,1481730499),(235,'area','440500','汕头市','19',1,'',1481730499,1481730499),(236,'area','440600','佛山市','19',1,'',1481730499,1481730499),(237,'area','440700','江门市','19',1,'',1481730499,1481730499),(238,'area','440800','湛江市','19',1,'',1481730499,1481730499),(239,'area','440900','茂名市','19',1,'',1481730499,1481730499),(240,'area','441200','肇庆市','19',1,'',1481730499,1481730499),(241,'area','441300','惠州市','19',1,'',1481730499,1481730499),(242,'area','441400','梅州市','19',1,'',1481730499,1481730499),(243,'area','441500','汕尾市','19',1,'',1481730499,1481730499),(244,'area','441600','河源市','19',1,'',1481730499,1481730499),(245,'area','441700','阳江市','19',1,'',1481730499,1481730499),(246,'area','441800','清远市','19',1,'',1481730499,1481730499),(247,'area','441900','东莞市','19',1,'',1481730499,1481730499),(248,'area','442000','中山市','19',1,'',1481730499,1481730499),(249,'area','445100','潮州市','19',1,'',1481730499,1481730499),(250,'area','445200','揭阳市','19',1,'',1481730499,1481730499),(251,'area','445300','云浮市','19',1,'',1481730499,1481730499),(252,'area','450100','南宁市','20',1,'',1481730499,1481730499),(253,'area','450200','柳州市','20',1,'',1481730499,1481730499),(254,'area','450300','桂林市','20',1,'',1481730499,1481730499),(255,'area','450400','梧州市','20',1,'',1481730499,1481730499),(256,'area','450500','北海市','20',1,'',1481730499,1481730499),(257,'area','450600','防城港市','20',1,'',1481730499,1481730499),(258,'area','450700','钦州市','20',1,'',1481730499,1481730499),(259,'area','450800','贵港市','20',1,'',1481730499,1481730499),(260,'area','450900','玉林市','20',1,'',1481730499,1481730499),(261,'area','451000','百色市','20',1,'',1481730499,1481730499),(262,'area','451100','贺州市','20',1,'',1481730499,1481730499),(263,'area','451200','河池市','20',1,'',1481730499,1481730499),(264,'area','451300','来宾市','20',1,'',1481730499,1481730499),(265,'area','451400','崇左市','20',1,'',1481730499,1481730499),(266,'area','460100','海口市','21',1,'',1481730499,1481730499),(267,'area','460200','三亚市','21',1,'',1481730499,1481730499),(268,'area','460300','三沙市','21',1,'',1481730499,1481730499),(269,'area','469000','省直辖','21',1,'',1481730499,1481730499),(270,'area','500001','重庆市','22',1,'',1481730499,1481730499),(271,'area','510100','成都市','23',1,'',1481730499,1481730499),(272,'area','510300','自贡市','23',1,'',1481730499,1481730499),(273,'area','510400','攀枝花市','23',1,'',1481730499,1481730499),(274,'area','510500','泸州市','23',1,'',1481730499,1481730499),(275,'area','510600','德阳市','23',1,'',1481730499,1481730499),(276,'area','510700','绵阳市','23',1,'',1481730499,1481730499),(277,'area','510800','广元市','23',1,'',1481730499,1481730499),(278,'area','510900','遂宁市','23',1,'',1481730499,1481730499),(279,'area','511000','内江市','23',1,'',1481730499,1481730499),(280,'area','511100','乐山市','23',1,'',1481730499,1481730499),(281,'area','511300','南充市','23',1,'',1481730499,1481730499),(282,'area','511400','眉山市','23',1,'',1481730499,1481730499),(283,'area','511500','宜宾市','23',1,'',1481730499,1481730499),(284,'area','511600','广安市','23',1,'',1481730499,1481730499),(285,'area','511700','达州市','23',1,'',1481730499,1481730499),(286,'area','511800','雅安市','23',1,'',1481730499,1481730499),(287,'area','511900','巴中市','23',1,'',1481730499,1481730499),(288,'area','512000','资阳市','23',1,'',1481730499,1481730499),(289,'area','513200','阿坝藏族羌族自治州 ','23',1,'',1481730499,1481730499),(290,'area','513300','甘孜藏族自治州 ','23',1,'',1481730499,1481730499),(291,'area','513400','凉山彝族自治州 ','23',1,'',1481730499,1481730499),(292,'area','520100','贵阳市','24',1,'',1481730499,1481730499),(293,'area','520200','六盘水市','24',1,'',1481730499,1481730499),(294,'area','520300','遵义市','24',1,'',1481730499,1481730499),(295,'area','520400','安顺市','24',1,'',1481730499,1481730499),(296,'area','522200','铜仁市','24',1,'',1481730499,1481730499),(297,'area','522300','黔西南布依族苗族自治州 ','24',1,'',1481730499,1481730499),(298,'area','522400','毕节市','24',1,'',1481730499,1481730499),(299,'area','522600','黔东南苗族侗族自治州 ','24',1,'',1481730499,1481730499),(300,'area','522700','黔南布依族苗族自治州 ','24',1,'',1481730499,1481730499),(301,'area','530100','昆明市','25',1,'',1481730499,1481730499),(302,'area','530300','曲靖市','25',1,'',1481730499,1481730499),(303,'area','530400','玉溪市','25',1,'',1481730499,1481730499),(304,'area','530500','保山市','25',1,'',1481730499,1481730499),(305,'area','530600','昭通市','25',1,'',1481730499,1481730499),(306,'area','530700','丽江市','25',1,'',1481730499,1481730499),(307,'area','530800','普洱市','25',1,'',1481730499,1481730499),(308,'area','530900','临沧市','25',1,'',1481730499,1481730499),(309,'area','532300','楚雄彝族自治州 ','25',1,'',1481730499,1481730499),(310,'area','532500','红河哈尼族彝族自治州 ','25',1,'',1481730499,1481730499),(311,'area','532600','文山壮族苗族自治州 ','25',1,'',1481730499,1481730499),(312,'area','532800','西双版纳傣族自治州 ','25',1,'',1481730499,1481730499),(313,'area','532900','大理白族自治州 ','25',1,'',1481730499,1481730499),(314,'area','533100','德宏傣族景颇族自治州 ','25',1,'',1481730499,1481730499),(315,'area','533300','怒江傈僳族自治州 ','25',1,'',1481730499,1481730499),(316,'area','533400','迪庆藏族自治州 ','25',1,'',1481730499,1481730499),(317,'area','540100','拉萨市','26',1,'',1481730499,1481730499),(318,'area','542100','昌都地区','26',1,'',1481730499,1481730499),(319,'area','542200','山南地区','26',1,'',1481730499,1481730499),(320,'area','542300','日喀则地区','26',1,'',1481730499,1481730499),(321,'area','542400','那曲地区','26',1,'',1481730499,1481730499),(322,'area','542500','阿里地区','26',1,'',1481730499,1481730499),(323,'area','542600','林芝地区','26',1,'',1481730499,1481730499),(324,'area','610100','西安市','27',1,'',1481730499,1481730499),(325,'area','610200','铜川市','27',1,'',1481730499,1481730499),(326,'area','610300','宝鸡市','27',1,'',1481730499,1481730499),(327,'area','610400','咸阳市','27',1,'',1481730499,1481730499),(328,'area','610500','渭南市','27',1,'',1481730499,1481730499),(329,'area','610600','延安市','27',1,'',1481730499,1481730499),(330,'area','610700','汉中市','27',1,'',1481730499,1481730499),(331,'area','610800','榆林市','27',1,'',1481730499,1481730499),(332,'area','610900','安康市','27',1,'',1481730499,1481730499),(333,'area','611000','商洛市','27',1,'',1481730499,1481730499),(334,'area','620100','兰州市','28',1,'',1481730499,1481730499),(335,'area','620200','嘉峪关市','28',1,'',1481730499,1481730499),(336,'area','620300','金昌市','28',1,'',1481730499,1481730499),(337,'area','620400','白银市','28',1,'',1481730499,1481730499),(338,'area','620500','天水市','28',1,'',1481730499,1481730499),(339,'area','620600','武威市','28',1,'',1481730499,1481730499),(340,'area','620700','张掖市','28',1,'',1481730499,1481730499),(341,'area','620800','平凉市','28',1,'',1481730499,1481730499),(342,'area','620900','酒泉市','28',1,'',1481730499,1481730499),(343,'area','621000','庆阳市','28',1,'',1481730499,1481730499),(344,'area','621100','定西市','28',1,'',1481730499,1481730499),(345,'area','621200','陇南市','28',1,'',1481730499,1481730499),(346,'area','622900','临夏回族自治州 ','28',1,'',1481730499,1481730499),(347,'area','623000','甘南藏族自治州 ','28',1,'',1481730499,1481730499),(348,'area','630100','西宁市','29',1,'',1481730499,1481730499),(349,'area','632100','海东地区','29',1,'',1481730499,1481730499),(350,'area','632200','海北藏族自治州 ','29',1,'',1481730499,1481730499),(351,'area','632300','黄南藏族自治州 ','29',1,'',1481730499,1481730499),(352,'area','632500','海南藏族自治州 ','29',1,'',1481730499,1481730499),(353,'area','632600','果洛藏族自治州 ','29',1,'',1481730499,1481730499),(354,'area','632700','玉树藏族自治州 ','29',1,'',1481730499,1481730499),(355,'area','632800','海西蒙古族藏族自治州 ','29',1,'',1481730499,1481730499),(356,'area','640100','银川市','30',1,'',1481730499,1481730499),(357,'area','640200','石嘴山市','30',1,'',1481730499,1481730499),(358,'area','640300','吴忠市','30',1,'',1481730499,1481730499),(359,'area','640400','固原市','30',1,'',1481730499,1481730499),(360,'area','640500','中卫市','30',1,'',1481730499,1481730499),(361,'area','650100','乌鲁木齐市','31',1,'',1481730499,1481730499),(362,'area','650200','克拉玛依市','31',1,'',1481730499,1481730499),(363,'area','652100','吐鲁番地区','31',1,'',1481730499,1481730499),(364,'area','652200','哈密地区','31',1,'',1481730499,1481730499),(365,'area','652300','昌吉回族自治州 ','31',1,'',1481730499,1481730499),(366,'area','652700','博尔塔拉蒙古自治州 ','31',1,'',1481730499,1481730499),(367,'area','652800','巴音郭楞蒙古自治州 ','31',1,'',1481730499,1481730499),(368,'area','652900','阿克苏地区','31',1,'',1481730499,1481730499),(369,'area','653000','克孜勒苏柯尔克孜自治州 ','31',1,'',1481730499,1481730499),(370,'area','653100','喀什地区','31',1,'',1481730499,1481730499),(371,'area','653200','和田地区','31',1,'',1481730499,1481730499),(372,'area','654000','伊犁哈萨克自治州 ','31',1,'',1481730499,1481730499),(373,'area','654200','塔城地区','31',1,'',1481730499,1481730499),(374,'area','654300','阿勒泰地区','31',1,'',1481730499,1481730499),(375,'area','659000','自治区直辖','31',1,'',1481730499,1481730499),(376,'area','710100','台北市','32',1,'',1481730499,1481730499),(377,'area','710200','高雄市','32',1,'',1481730499,1481730499),(378,'area','710300','基隆市','32',1,'',1481730499,1481730499),(379,'area','710400','台中市','32',1,'',1481730499,1481730499),(380,'area','710500','台南市','32',1,'',1481730499,1481730499),(381,'area','710600','新竹市','32',1,'',1481730499,1481730499),(382,'area','710700','嘉义市','32',1,'',1481730499,1481730499),(383,'area','719000','省直辖','32',1,'',1481730499,1481730499),(384,'area','810100','香港岛','33',1,'',1481730499,1481730499),(385,'area','810200','九龙','33',1,'',1481730499,1481730499),(386,'area','810300','新界','33',1,'',1481730499,1481730499),(387,'area','820100','澳门半岛','34',1,'',1481730499,1481730499),(388,'area','820200','澳门离岛','34',1,'',1481730499,1481730499),(389,'area','820300','无堂区划分区域','34',1,'',1481730499,1481730499),(546,'title','医疗技术人员','主任医师','0',0,'正高',1481730522,1481730522),(547,'title','卫生技术人员','主任技师','0',0,'正高',1481730522,1481730522),(548,'title','护理技术人员','主任护师','0',0,'正高',1481730522,1481730522),(549,'title','药剂技术人员','主任药师','0',0,'正高',1481730522,1481730522),(550,'title','医疗技术人员','主治医师','0',0,'中级',1481730522,1481730522),(551,'title','卫生技术人员','主管技师','0',0,'中级',1481730522,1481730522),(552,'title','护理技术人员','主管护师','0',0,'中级',1481730522,1481730522),(553,'title','药剂技术人员','主管药师','0',0,'中级',1481730522,1481730522),(554,'title','医疗技术人员','副主任医师','0',0,'副高',1481730522,1481730522),(555,'title','卫生技术人员','副主任技师','0',0,'副高',1481730522,1481730522),(556,'title','护理技术人员','副主任护师','0',0,'副高',1481730522,1481730522),(557,'title','药剂技术人员','副主任药师','0',0,'副高',1481730522,1481730522),(558,'title','高等学校教师','副教授','0',0,'副高',1481730522,1481730522),(559,'title','科学研究人员','副研究员','0',0,'副高',1481730522,1481730522),(560,'title','高等学校教师','助教','0',0,'初级',1481730522,1481730522),(561,'title','科学研究人员','助理研究员','0',0,'中级',1481730522,1481730522),(562,'title','医疗技术人员','医师','0',0,'初级',1481730522,1481730522),(563,'title','卫生技术人员','技师','0',0,'初级',1481730522,1481730522),(564,'title','医疗技术人员','护师','0',0,'初级',1481730522,1481730522),(565,'title','高等学校教师','教授','0',0,'正高',1481730522,1481730522),(566,'title','科学研究人员','研究员','0',0,'正高',1481730522,1481730522),(567,'title','科学研究人员','研究实习员','0',0,'初级',1481730522,1481730522),(568,'title','药剂技术人员','药师','0',0,'初级',1481730522,1481730522),(569,'title','高等学校教师','讲师','0',0,'中级',1481730522,1481730522),(577,'subject','','临床内科学','0',0,'',1481730529,1481730529),(578,'subject','','临床外科学','0',0,'',1481730529,1481730529),(579,'subject','','儿科学','0',0,'',1481730529,1481730529),(580,'subject','','全科医学与康复医学','0',0,'',1481730529,1481730529),(581,'subject','','公共卫生与预防医学','0',0,'',1481730529,1481730529),(582,'subject','','医学教育与卫生管理','0',0,'',1481730529,1481730529),(583,'subject','','医学检验','0',0,'',1481730529,1481730529),(584,'subject','','口腔医学学科','0',0,'',1481730529,1481730529),(585,'subject','','基础形态','0',0,'',1481730529,1481730529),(586,'subject','','基础机能','0',0,'',1481730529,1481730529),(587,'subject','','妇产科学','0',0,'',1481730529,1481730529),(588,'subject','','影像医学学科','0',0,'',1481730529,1481730529),(589,'subject','','急诊学','0',0,'',1481730529,1481730529),(590,'subject','','护理学','0',0,'',1481730529,1481730529),(591,'subject','','眼、耳鼻喉学科','0',0,'',1481730529,1481730529),(592,'subject','','药学','0',0,'',1481730529,1481730529),(608,'subject','','临床药学和临床药理学','592',0,'',1481730536,1481730536),(609,'subject','','产科学','587',0,'',1481730536,1481730536),(610,'subject','','传染病学','577',0,'',1481730536,1481730536),(611,'subject','','儿少卫生与妇幼卫生学','581',0,'',1481730536,1481730536),(612,'subject','','儿科内科学','579',0,'',1481730536,1481730536),(613,'subject','','儿科外科学','579',0,'',1481730536,1481730536),(614,'subject','','儿科学其他学科','579',0,'',1481730536,1481730536),(615,'subject','','儿科护理学','590',0,'',1481730536,1481730536),(616,'subject','','免疫学','586',0,'',1481730536,1481730536),(617,'subject','','公共卫生与预防医学其他学科','581',0,'',1481730536,1481730536),(618,'subject','','内分泌学','577',0,'',1481730536,1481730536),(619,'subject','','内科学其他学科','577',0,'',1481730536,1481730536),(620,'subject','','内科护理学','590',0,'',1481730536,1481730536),(621,'subject','','劳动卫生与环境卫生学','581',0,'',1481730536,1481730536),(622,'subject','','医学教育','582',0,'',1481730536,1481730536),(623,'subject','','卫生检验学','581',0,'',1481730536,1481730536),(624,'subject','','卫生毒理学','581',0,'',1481730536,1481730536),(625,'subject','','卫生管理','582',0,'',1481730536,1481730536),(626,'subject','','口腔修复学','584',0,'',1481730536,1481730536),(627,'subject','','口腔内科学','584',0,'',1481730536,1481730536),(628,'subject','','口腔外科学','584',0,'',1481730536,1481730536),(629,'subject','','口腔学其他学科','584',0,'',1481730536,1481730536),(630,'subject','','口腔正畸学','584',0,'',1481730536,1481730536),(631,'subject','','呼吸病学','577',0,'',1481730536,1481730536),(632,'subject','','基础医学其他学科','586',0,'',1481730536,1481730536),(633,'subject','','外科学其他学科','578',0,'',1481730536,1481730536),(634,'subject','','外科护理学','590',0,'',1481730536,1481730536),(635,'subject','','妇产科学其他学科','587',0,'',1481730536,1481730536),(636,'subject','','妇产科护理学','590',0,'',1481730536,1481730536),(637,'subject','','妇科学','587',0,'',1481730536,1481730536),(638,'subject','','寄生虫学','585',0,'',1481730536,1481730536),(639,'subject','','影像医学其他学科','588',0,'',1481730536,1481730536),(640,'subject','','微生物学','585',0,'',1481730536,1481730536),(641,'subject','','心胸外科学','578',0,'',1481730536,1481730536),(642,'subject','','心血管病学','577',0,'',1481730536,1481730536),(643,'subject','','护理其他学科','590',0,'',1481730536,1481730536),(644,'subject','','放射肿瘤学','588',0,'',1481730536,1481730536),(645,'subject','','放射诊断学','588',0,'',1481730536,1481730536),(646,'subject','','整形、器官移植外科学','578',0,'',1481730536,1481730536),(647,'subject','','新生儿科学','579',0,'',1481730536,1481730536),(648,'subject','','显微外科学','578',0,'',1481730536,1481730536),(649,'subject','','普通外科学','578',0,'',1481730536,1481730536),(650,'subject','','泌尿外科学','578',0,'',1481730536,1481730536),(651,'subject','','烧伤外科学','578',0,'',1481730536,1481730536),(652,'subject','','生物化学','586',0,'',1481730536,1481730536),(653,'subject','','生物物理学','586',0,'',1481730536,1481730536),(654,'subject','','生理学','586',0,'',1481730536,1481730536),(655,'subject','','病理学','585',0,'',1481730536,1481730536),(656,'subject','','病生理学','586',0,'',1481730536,1481730536),(657,'subject','','皮肤、性病学','578',0,'',1481730536,1481730536),(658,'subject','','眼科学','591',0,'',1481730536,1481730536),(659,'subject','','神经内科学','577',0,'',1481730536,1481730536),(660,'subject','','神经外科学','578',0,'',1481730536,1481730536),(661,'subject','','精神卫生学','577',0,'',1481730536,1481730536),(662,'subject','','组织胚胎学','585',0,'',1481730536,1481730536),(663,'subject','','细胞生物学','586',0,'',1481730536,1481730536),(664,'subject','','统计流行病学','581',0,'',1481730536,1481730536),(665,'subject','','耳鼻喉科','591',0,'',1481730536,1481730536),(666,'subject','','肾脏病学','577',0,'',1481730536,1481730536),(667,'subject','','肿瘤外科学','578',0,'',1481730536,1481730536),(668,'subject','','胃肠病学','577',0,'',1481730536,1481730536),(669,'subject','','药事管理学','592',0,'',1481730536,1481730536),(670,'subject','','药剂学','592',0,'',1481730536,1481730536),(671,'subject','','药学其他学科','592',0,'',1481730536,1481730536),(672,'subject','','药物分析学','592',0,'',1481730536,1481730536),(673,'subject','','药理学','586',0,'',1481730536,1481730536),(674,'subject','','营养与食品卫生学','581',0,'',1481730536,1481730536),(675,'subject','','血液病学','577',0,'',1481730536,1481730536),(676,'subject','','解剖学','585',0,'',1481730536,1481730536),(677,'subject','','超声诊断学','588',0,'',1481730536,1481730536),(678,'subject','','遗传学','585',0,'',1481730536,1481730536),(679,'subject','','颅脑外科学','578',0,'',1481730536,1481730536),(680,'subject','','骨外科学','578',0,'',1481730536,1481730536),(681,'subject','','全科医学与康复医学','580',0,'',1481730536,1481730536),(682,'subject','','急诊学','589',0,'',1481730536,1481730536),(683,'subject','','医学检验','583',0,'',1481730536,1481730536),(684,'subject','','麻醉学','578',0,'',1481730536,1481730536),(685,'course-type','','理论','0',1,'',1481730536,1481730536),(686,'course-type','','实践','0',1,'',1481730536,1481730536);
/*!40000 ALTER TABLE `dicts` ENABLE KEYS */;
UNLOCK TABLES;

--
-- Table structure for table `project_course`
--

DROP TABLE IF EXISTS `project_course`;
/*!40101 SET @saved_cs_client     = @@character_set_client */;
/*!40101 SET character_set_client = utf8 */;
CREATE TABLE `project_course` (
  `course_id` int(11) unsigned NOT NULL AUTO_INCREMENT COMMENT '主键',
  `p_id` int(11) unsigned NOT NULL DEFAULT '0' COMMENT '项目ID',
  `course_date` date NOT NULL COMMENT '日期',
  `start_time` time NOT NULL COMMENT '开始时间',
  `end_time` time NOT NULL COMMENT '结束时间',
  `course_datetime` int(11) unsigned NOT NULL DEFAULT '0' COMMENT '课程时间戳',
  `content` varchar(255) NOT NULL COMMENT '内容',
  `teacher` varchar(20) NOT NULL COMMENT '教师',
  `title_id` int(11) unsigned NOT NULL DEFAULT '0' COMMENT '职称',
  `org_id` int(11) unsigned NOT NULL DEFAULT '0' COMMENT '所属单位',
  `course_type` int(11) unsigned NOT NULL DEFAULT '0' COMMENT '课程类型',
  `add_time` int(11) unsigned NOT NULL DEFAULT '0' COMMENT '添加时间戳',
  `update_time` int(11) unsigned NOT NULL DEFAULT '0' COMMENT '更新时间戳',
  PRIMARY KEY (`course_id`)
) ENGINE=InnoDB DEFAULT CHARSET=utf8mb4 COMMENT='项目课程表';
/*!40101 SET character_set_client = @saved_cs_client */;

--
-- Dumping data for table `project_course`
--

LOCK TABLES `project_course` WRITE;
/*!40000 ALTER TABLE `project_course` DISABLE KEYS */;
/*!40000 ALTER TABLE `project_course` ENABLE KEYS */;
UNLOCK TABLES;

--
-- Table structure for table `project_student`
--

DROP TABLE IF EXISTS `project_student`;
/*!40101 SET @saved_cs_client     = @@character_set_client */;
/*!40101 SET character_set_client = utf8 */;
CREATE TABLE `project_student` (
  `id` int(11) unsigned NOT NULL AUTO_INCREMENT COMMENT '主键',
  `p_id` int(11) unsigned NOT NULL DEFAULT '0' COMMENT '项目ID',
  `stu_id` int(11) unsigned NOT NULL DEFAULT '0' COMMENT '学生ID',
  `mobile` char(11) NOT NULL COMMENT '手机号',
  `sex` varchar(10) NOT NULL COMMENT '性别',
  `email` varchar(255) NOT NULL COMMENT '邮箱',
  `city_id` int(11) unsigned NOT NULL DEFAULT '0' COMMENT '所在城市ID',
  `org_id` int(11) unsigned NOT NULL DEFAULT '0' COMMENT '单位ID',
  `title_id` int(11) unsigned NOT NULL DEFAULT '0' COMMENT '职称ID',
  `addr` varchar(255) NOT NULL COMMENT '地址',
  `add_time` int(11) unsigned NOT NULL DEFAULT '0' COMMENT '添加时间戳',
  `update_time` int(11) unsigned NOT NULL DEFAULT '0' COMMENT '更新时间戳',
  PRIMARY KEY (`id`)
) ENGINE=InnoDB DEFAULT CHARSET=utf8mb4 COMMENT='项目学生关联表';
/*!40101 SET character_set_client = @saved_cs_client */;

--
-- Dumping data for table `project_student`
--

LOCK TABLES `project_student` WRITE;
/*!40000 ALTER TABLE `project_student` DISABLE KEYS */;
/*!40000 ALTER TABLE `project_student` ENABLE KEYS */;
UNLOCK TABLES;

--
-- Table structure for table `projects`
--

DROP TABLE IF EXISTS `projects`;
/*!40101 SET @saved_cs_client     = @@character_set_client */;
/*!40101 SET character_set_client = utf8 */;
CREATE TABLE `projects` (
  `p_id` int(11) unsigned NOT NULL AUTO_INCREMENT COMMENT '主键',
  `p_year` smallint(4) NOT NULL COMMENT '年份',
  `p_no` varchar(255) NOT NULL COMMENT '项目编号',
  `name` varchar(64) NOT NULL COMMENT '项目名称',
  `org_id` int(11) unsigned NOT NULL DEFAULT '0' COMMENT '申办单位',
  `org_name` varchar(128) NOT NULL COMMENT '申办单位名称',
  `p_header` varchar(32) NOT NULL COMMENT '项目负责人',
  `p_header_tel` varchar(32) NOT NULL COMMENT '负责人电话',
  `addr` varchar(255) NOT NULL COMMENT '举办地点',
  `credit` smallint(4) unsigned NOT NULL DEFAULT '0' COMMENT '授予学分',
  `num_recruit` mediumint(8) unsigned NOT NULL DEFAULT '0' COMMENT '拟招人数',
  `num_term` smallint(4) unsigned NOT NULL DEFAULT '0' COMMENT '项目期数',
  `status` smallint(4) unsigned NOT NULL COMMENT '项目状态',
  `file_name` varchar(255) NOT NULL COMMENT '导入文件路径',
  `add_time` int(11) unsigned NOT NULL DEFAULT '0' COMMENT '添加时间戳',
  `update_time` int(11) unsigned NOT NULL DEFAULT '0' COMMENT '更新时间戳',
  PRIMARY KEY (`p_id`)
) ENGINE=InnoDB DEFAULT CHARSET=utf8mb4 COMMENT='项目表';
/*!40101 SET character_set_client = @saved_cs_client */;

--
-- Dumping data for table `projects`
--

LOCK TABLES `projects` WRITE;
/*!40000 ALTER TABLE `projects` DISABLE KEYS */;
/*!40000 ALTER TABLE `projects` ENABLE KEYS */;
UNLOCK TABLES;

--
-- Table structure for table `students`
--

DROP TABLE IF EXISTS `students`;
/*!40101 SET @saved_cs_client     = @@character_set_client */;
/*!40101 SET character_set_client = utf8 */;
CREATE TABLE `students` (
  `stu_id` int(11) unsigned NOT NULL AUTO_INCREMENT COMMENT '学生ID',
  `mobile` char(11) NOT NULL COMMENT '手机号',
  `sex` varchar(10) NOT NULL COMMENT '性别',
  `email` varchar(255) NOT NULL COMMENT '邮箱',
  `city_id` int(11) unsigned NOT NULL DEFAULT '0' COMMENT '所在城市ID',
  `org_id` int(11) unsigned NOT NULL DEFAULT '0' COMMENT '单位ID',
  `title_id` int(11) unsigned NOT NULL DEFAULT '0' COMMENT '职称ID',
  `addr` varchar(255) NOT NULL COMMENT '地址',
  `add_time` int(11) unsigned NOT NULL DEFAULT '0' COMMENT '添加时间戳',
  `update_time` int(11) unsigned NOT NULL DEFAULT '0' COMMENT '更新时间戳',
  PRIMARY KEY (`stu_id`)
) ENGINE=InnoDB DEFAULT CHARSET=utf8mb4 COMMENT='项目学生关联表';
/*!40101 SET character_set_client = @saved_cs_client */;

--
-- Dumping data for table `students`
--

LOCK TABLES `students` WRITE;
/*!40000 ALTER TABLE `students` DISABLE KEYS */;
/*!40000 ALTER TABLE `students` ENABLE KEYS */;
UNLOCK TABLES;
/*!40103 SET TIME_ZONE=@OLD_TIME_ZONE */;

/*!40101 SET SQL_MODE=@OLD_SQL_MODE */;
/*!40014 SET FOREIGN_KEY_CHECKS=@OLD_FOREIGN_KEY_CHECKS */;
/*!40014 SET UNIQUE_CHECKS=@OLD_UNIQUE_CHECKS */;
/*!40101 SET CHARACTER_SET_CLIENT=@OLD_CHARACTER_SET_CLIENT */;
/*!40101 SET CHARACTER_SET_RESULTS=@OLD_CHARACTER_SET_RESULTS */;
/*!40101 SET COLLATION_CONNECTION=@OLD_COLLATION_CONNECTION */;
/*!40111 SET SQL_NOTES=@OLD_SQL_NOTES */;

-- Dump completed on 2016-12-27  0:57:47
